1677, 2023-04-29T00:02:37.227Z
1680, 2023-04-29T00:02:52.403Z
1681, 2023-04-29T00:03:07.584Z
1679, 2023-04-29T00:03:38.096Z
1680, 2023-04-29T00:03:22.802Z
1679, 2023-04-29T00:03:53.121Z
1669, 2023-04-29T00:04:08.300Z
1672, 2023-04-29T00:04:23.481Z
1671, 2023-04-29T00:04:38.660Z
1673, 2023-04-29T00:04:53.838Z
1553, 2023-04-29T00:05:09.020Z
801, 2023-04-29T00:05:24.198Z
765, 2023-04-29T00:05:39.378Z
825, 2023-04-29T00:05:54.564Z
899, 2023-04-29T00:06:09.739Z
967, 2023-04-29T00:06:24.915Z
1031, 2023-04-29T00:06:40.094Z
1048, 2023-04-29T00:06:55.275Z
1045, 2023-04-29T00:07:10.477Z
1026, 2023-04-29T00:07:25.634Z
1012, 2023-04-29T00:07:40.852Z
991, 2023-04-29T00:07:56.013Z
980, 2023-04-29T00:08:11.175Z
971, 2023-04-29T00:08:26.350Z
959, 2023-04-29T00:08:41.635Z
955, 2023-04-29T00:08:56.707Z
934, 2023-04-29T00:09:11.891Z
931, 2023-04-29T00:09:27.080Z
930, 2023-04-29T00:09:42.246Z
918, 2023-04-29T00:09:57.424Z
913, 2023-04-29T00:10:12.605Z
910, 2023-04-29T00:10:27.783Z
906, 2023-04-29T00:10:42.966Z
901, 2023-04-29T00:10:58.140Z
889, 2023-04-29T00:11:13.319Z
888, 2023-04-29T00:11:28.499Z
888, 2023-04-29T00:11:43.677Z
886, 2023-04-29T00:11:58.857Z
886, 2023-04-29T00:12:14.036Z
885, 2023-04-29T00:12:29.221Z
885, 2023-04-29T00:12:44.400Z
884, 2023-04-29T00:12:59.574Z
883, 2023-04-29T00:13:14.752Z
881, 2023-04-29T00:13:29.930Z
881, 2023-04-29T00:13:45.111Z
881, 2023-04-29T00:14:00.294Z
879, 2023-04-29T00:14:15.488Z
878, 2023-04-29T00:14:30.653Z
879, 2023-04-29T00:14:45.833Z
879, 2023-04-29T00:15:01.008Z
880, 2023-04-29T00:15:16.186Z
881, 2023-04-29T00:15:31.368Z
877, 2023-04-29T00:15:46.556Z
870, 2023-04-29T00:16:01.740Z
872, 2023-04-29T00:16:16.905Z
873, 2023-04-29T00:16:32.081Z
872, 2023-04-29T00:16:47.261Z
872, 2023-04-29T00:17:02.439Z
872, 2023-04-29T00:17:17.618Z
874, 2023-04-29T00:17:32.797Z
872, 2023-04-29T00:17:47.975Z
873, 2023-04-29T00:18:03.160Z
873, 2023-04-29T00:18:18.337Z
874, 2023-04-29T00:18:33.525Z
874, 2023-04-29T00:18:48.692Z
873, 2023-04-29T00:19:03.872Z
873, 2023-04-29T00:19:19.050Z
873, 2023-04-29T00:19:34.371Z
873, 2023-04-29T00:19:49.408Z
872, 2023-04-29T00:20:04.593Z
873, 2023-04-29T00:20:19.767Z
872, 2023-04-29T00:20:34.948Z
871, 2023-04-29T00:20:50.135Z
871, 2023-04-29T00:21:05.307Z
872, 2023-04-29T00:21:20.484Z
872, 2023-04-29T00:21:35.661Z
872, 2023-04-29T00:21:50.841Z
872, 2023-04-29T00:22:06.034Z
872, 2023-04-29T00:22:21.202Z
872, 2023-04-29T00:22:36.390Z
872, 2023-04-29T00:22:51.565Z
872, 2023-04-29T00:23:06.738Z
871, 2023-04-29T00:23:21.920Z
873, 2023-04-29T00:23:37.097Z
873, 2023-04-29T00:23:52.279Z
874, 2023-04-29T00:24:07.458Z
875, 2023-04-29T00:24:22.633Z
873, 2023-04-29T00:24:37.812Z
873, 2023-04-29T00:24:52.996Z
874, 2023-04-29T00:25:08.183Z
875, 2023-04-29T00:25:23.360Z
873, 2023-04-29T00:25:38.528Z
868, 2023-04-29T00:25:53.709Z
869, 2023-04-29T00:26:08.891Z
869, 2023-04-29T00:26:24.066Z
870, 2023-04-29T00:26:39.252Z
865, 2023-04-29T00:26:54.429Z
866, 2023-04-29T00:27:09.613Z
867, 2023-04-29T00:27:24.830Z
868, 2023-04-29T00:27:39.960Z
869, 2023-04-29T00:27:55.145Z
870, 2023-04-29T00:28:10.321Z
871, 2023-04-29T00:28:25.510Z
871, 2023-04-29T00:28:40.687Z
872, 2023-04-29T00:28:55.858Z
873, 2023-04-29T00:29:11.036Z
873, 2023-04-29T00:29:26.215Z
874, 2023-04-29T00:29:41.396Z
873, 2023-04-29T00:29:56.573Z
874, 2023-04-29T00:30:11.759Z
874, 2023-04-29T00:30:26.934Z
874, 2023-04-29T00:30:42.120Z
875, 2023-04-29T00:30:57.289Z
876, 2023-04-29T00:31:12.476Z
875, 2023-04-29T00:31:27.648Z
873, 2023-04-29T00:31:42.826Z
871, 2023-04-29T00:31:58.013Z
870, 2023-04-29T00:32:13.185Z
869, 2023-04-29T00:32:28.367Z
870, 2023-04-29T00:32:43.544Z
871, 2023-04-29T00:32:58.724Z
872, 2023-04-29T00:33:13.903Z
873, 2023-04-29T00:33:29.091Z
874, 2023-04-29T00:33:44.261Z
873, 2023-04-29T00:33:59.438Z
873, 2023-04-29T00:34:14.628Z
874, 2023-04-29T00:34:29.797Z
874, 2023-04-29T00:34:44.976Z
875, 2023-04-29T00:35:00.157Z
876, 2023-04-29T00:35:15.336Z
876, 2023-04-29T00:35:30.513Z
876, 2023-04-29T00:35:45.693Z
876, 2023-04-29T00:36:00.876Z
877, 2023-04-29T00:36:16.068Z
877, 2023-04-29T00:36:31.229Z
878, 2023-04-29T00:36:46.418Z
878, 2023-04-29T00:37:01.588Z
878, 2023-04-29T00:37:16.774Z
878, 2023-04-29T00:37:31.945Z
879, 2023-04-29T00:37:47.137Z
879, 2023-04-29T00:38:02.308Z
879, 2023-04-29T00:38:17.482Z
880, 2023-04-29T00:38:32.663Z
881, 2023-04-29T00:38:47.843Z
881, 2023-04-29T00:39:03.025Z
882, 2023-04-29T00:39:18.203Z
882, 2023-04-29T00:39:33.384Z
883, 2023-04-29T00:39:48.561Z
883, 2023-04-29T00:40:03.738Z
883, 2023-04-29T00:40:18.917Z
883, 2023-04-29T00:40:34.095Z
883, 2023-04-29T00:40:49.278Z
884, 2023-04-29T00:41:04.453Z
884, 2023-04-29T00:41:19.637Z
884, 2023-04-29T00:41:34.818Z
884, 2023-04-29T00:41:49.993Z
884, 2023-04-29T00:42:05.174Z
884, 2023-04-29T00:42:20.351Z
883, 2023-04-29T00:42:35.528Z
883, 2023-04-29T00:42:50.712Z
883, 2023-04-29T00:43:05.891Z
883, 2023-04-29T00:43:21.068Z
882, 2023-04-29T00:43:36.244Z
882, 2023-04-29T00:43:51.427Z
882, 2023-04-29T00:44:06.602Z
883, 2023-04-29T00:44:21.788Z
883, 2023-04-29T00:44:36.963Z
881, 2023-04-29T00:44:52.144Z
880, 2023-04-29T00:45:07.324Z
881, 2023-04-29T00:45:22.505Z
881, 2023-04-29T00:45:37.683Z
882, 2023-04-29T00:45:52.861Z
883, 2023-04-29T00:46:08.035Z
883, 2023-04-29T00:46:23.215Z
883, 2023-04-29T00:46:38.394Z
884, 2023-04-29T00:46:53.574Z
884, 2023-04-29T00:47:08.756Z
884, 2023-04-29T00:47:23.933Z
884, 2023-04-29T00:47:39.115Z
885, 2023-04-29T00:47:54.294Z
885, 2023-04-29T00:48:09.480Z
885, 2023-04-29T00:48:24.649Z
886, 2023-04-29T00:48:39.831Z
886, 2023-04-29T00:48:55.016Z
885, 2023-04-29T00:49:10.189Z
885, 2023-04-29T00:49:26.488Z
885, 2023-04-29T00:49:40.546Z
885, 2023-04-29T00:49:55.725Z
886, 2023-04-29T00:50:10.905Z
886, 2023-04-29T00:50:26.083Z
886, 2023-04-29T00:50:41.284Z
887, 2023-04-29T00:50:56.442Z
886, 2023-04-29T00:51:11.622Z
886, 2023-04-29T00:51:26.801Z
886, 2023-04-29T00:51:41.976Z
886, 2023-04-29T00:51:57.160Z
887, 2023-04-29T00:52:12.339Z
887, 2023-04-29T00:52:27.514Z
887, 2023-04-29T00:52:42.692Z
887, 2023-04-29T00:52:57.872Z
887, 2023-04-29T00:53:13.055Z
887, 2023-04-29T00:53:28.235Z
887, 2023-04-29T00:53:43.414Z
887, 2023-04-29T00:53:58.589Z
887, 2023-04-29T00:54:13.775Z
887, 2023-04-29T00:54:28.949Z
887, 2023-04-29T00:54:44.137Z
888, 2023-04-29T00:54:59.306Z
888, 2023-04-29T00:55:14.484Z
888, 2023-04-29T00:55:29.667Z
887, 2023-04-29T00:55:44.842Z
888, 2023-04-29T00:56:00.024Z
888, 2023-04-29T00:56:15.201Z
888, 2023-04-29T00:56:30.379Z
888, 2023-04-29T00:56:45.566Z
887, 2023-04-29T00:57:00.749Z
887, 2023-04-29T00:57:15.920Z
887, 2023-04-29T00:57:31.097Z
887, 2023-04-29T00:57:46.278Z
887, 2023-04-29T00:58:01.466Z
887, 2023-04-29T00:58:16.634Z
887, 2023-04-29T00:58:31.817Z
888, 2023-04-29T00:58:46.995Z
888, 2023-04-29T00:59:02.172Z
888, 2023-04-29T00:59:17.349Z
889, 2023-04-29T00:59:32.537Z
889, 2023-04-29T00:59:47.707Z
888, 2023-04-29T01:00:02.891Z
888, 2023-04-29T01:00:18.069Z
887, 2023-04-29T01:00:33.244Z
887, 2023-04-29T01:00:48.428Z
888, 2023-04-29T01:01:03.606Z
888, 2023-04-29T01:01:18.786Z
887, 2023-04-29T01:01:33.961Z
888, 2023-04-29T01:01:49.147Z
888, 2023-04-29T01:02:04.322Z
888, 2023-04-29T01:02:19.503Z
888, 2023-04-29T01:02:34.682Z
888, 2023-04-29T01:02:49.861Z
888, 2023-04-29T01:03:05.041Z
890, 2023-04-29T01:03:20.216Z
889, 2023-04-29T01:03:35.395Z
890, 2023-04-29T01:03:50.574Z
890, 2023-04-29T01:04:05.755Z
891, 2023-04-29T01:04:20.935Z
892, 2023-04-29T01:04:36.112Z
891, 2023-04-29T01:04:51.294Z
891, 2023-04-29T01:05:06.474Z
891, 2023-04-29T01:05:21.653Z
891, 2023-04-29T01:05:36.826Z
891, 2023-04-29T01:05:52.008Z
892, 2023-04-29T01:06:07.190Z
891, 2023-04-29T01:06:22.364Z
890, 2023-04-29T01:06:37.550Z
889, 2023-04-29T01:06:52.726Z
889, 2023-04-29T01:07:07.902Z
889, 2023-04-29T01:07:23.083Z
889, 2023-04-29T01:07:38.267Z
889, 2023-04-29T01:07:53.439Z
889, 2023-04-29T01:08:08.620Z
890, 2023-04-29T01:08:23.800Z
890, 2023-04-29T01:08:38.983Z
890, 2023-04-29T01:08:54.156Z
890, 2023-04-29T01:09:09.338Z
890, 2023-04-29T01:09:24.517Z
890, 2023-04-29T01:09:39.698Z
890, 2023-04-29T01:09:54.876Z
890, 2023-04-29T01:10:10.059Z
890, 2023-04-29T01:10:25.240Z
891, 2023-04-29T01:10:40.410Z
891, 2023-04-29T01:10:55.592Z
891, 2023-04-29T01:11:10.770Z
892, 2023-04-29T01:11:25.948Z
892, 2023-04-29T01:11:41.127Z
893, 2023-04-29T01:11:56.310Z
894, 2023-04-29T01:12:11.489Z
894, 2023-04-29T01:12:26.670Z
894, 2023-04-29T01:12:41.846Z
895, 2023-04-29T01:12:57.021Z
895, 2023-04-29T01:13:12.220Z
894, 2023-04-29T01:13:27.380Z
894, 2023-04-29T01:13:42.562Z
895, 2023-04-29T01:13:57.743Z
895, 2023-04-29T01:14:13.075Z
895, 2023-04-29T01:14:28.100Z
894, 2023-04-29T01:14:43.282Z
893, 2023-04-29T01:14:58.463Z
893, 2023-04-29T01:15:13.679Z
894, 2023-04-29T01:15:28.816Z
894, 2023-04-29T01:15:43.994Z
894, 2023-04-29T01:15:59.176Z
895, 2023-04-29T01:16:14.486Z
896, 2023-04-29T01:16:29.539Z
896, 2023-04-29T01:16:44.711Z
896, 2023-04-29T01:16:59.888Z
896, 2023-04-29T01:17:15.067Z
896, 2023-04-29T01:17:30.248Z
896, 2023-04-29T01:17:45.424Z
897, 2023-04-29T01:18:00.613Z
897, 2023-04-29T01:18:15.786Z
897, 2023-04-29T01:18:30.962Z
898, 2023-04-29T01:18:46.143Z
898, 2023-04-29T01:19:01.328Z
899, 2023-04-29T01:19:16.503Z
898, 2023-04-29T01:19:31.682Z
898, 2023-04-29T01:19:46.862Z
897, 2023-04-29T01:20:02.039Z
898, 2023-04-29T01:20:17.219Z
899, 2023-04-29T01:20:32.398Z
900, 2023-04-29T01:20:47.575Z
900, 2023-04-29T01:21:02.758Z
900, 2023-04-29T01:21:17.932Z
899, 2023-04-29T01:21:33.116Z
900, 2023-04-29T01:21:48.292Z
900, 2023-04-29T01:22:03.477Z
900, 2023-04-29T01:22:18.649Z
899, 2023-04-29T01:22:33.833Z
899, 2023-04-29T01:22:49.006Z
899, 2023-04-29T01:23:04.188Z
899, 2023-04-29T01:23:19.366Z
899, 2023-04-29T01:23:34.546Z
900, 2023-04-29T01:23:49.725Z
900, 2023-04-29T01:24:04.903Z
901, 2023-04-29T01:24:20.086Z
901, 2023-04-29T01:24:35.263Z
902, 2023-04-29T01:24:50.443Z
902, 2023-04-29T01:25:05.625Z
902, 2023-04-29T01:25:20.807Z
903, 2023-04-29T01:25:35.976Z
903, 2023-04-29T01:25:51.156Z
903, 2023-04-29T01:26:06.337Z
902, 2023-04-29T01:26:21.519Z
901, 2023-04-29T01:26:36.696Z
902, 2023-04-29T01:26:51.877Z
902, 2023-04-29T01:27:07.053Z
902, 2023-04-29T01:27:22.230Z
903, 2023-04-29T01:27:37.409Z
903, 2023-04-29T01:27:52.593Z
904, 2023-04-29T01:28:07.772Z
904, 2023-04-29T01:28:22.966Z
904, 2023-04-29T01:28:38.130Z
904, 2023-04-29T01:28:53.308Z
904, 2023-04-29T01:29:08.486Z
904, 2023-04-29T01:29:23.681Z
905, 2023-04-29T01:29:38.845Z
905, 2023-04-29T01:29:54.021Z
905, 2023-04-29T01:30:09.202Z
905, 2023-04-29T01:30:24.385Z
905, 2023-04-29T01:30:39.564Z
905, 2023-04-29T01:30:54.738Z
906, 2023-04-29T01:31:09.919Z
906, 2023-04-29T01:31:25.096Z
906, 2023-04-29T01:31:40.274Z
907, 2023-04-29T01:31:55.457Z
907, 2023-04-29T01:32:10.632Z
908, 2023-04-29T01:32:25.812Z
908, 2023-04-29T01:32:41.016Z
908, 2023-04-29T01:32:56.170Z
909, 2023-04-29T01:33:11.354Z
909, 2023-04-29T01:33:26.529Z
909, 2023-04-29T01:33:41.712Z
909, 2023-04-29T01:33:56.887Z
909, 2023-04-29T01:34:12.072Z
910, 2023-04-29T01:34:27.249Z
1367, 2023-04-29T04:58:06.583Z
1364, 2023-04-29T04:58:21.751Z
1361, 2023-04-29T04:58:36.934Z
1364, 2023-04-29T04:58:52.115Z
1365, 2023-04-29T04:59:07.295Z
1365, 2023-04-29T04:59:37.654Z
1365, 2023-04-29T05:00:08.012Z
1363, 2023-04-29T04:59:22.469Z
1365, 2023-04-29T04:59:52.835Z
1366, 2023-04-29T05:00:23.187Z
1367, 2023-04-29T05:00:38.366Z
1367, 2023-04-29T05:00:53.545Z
1366, 2023-04-29T05:01:08.725Z
1366, 2023-04-29T05:01:23.910Z
1367, 2023-04-29T05:01:39.083Z
1370, 2023-04-29T05:01:54.262Z
1373, 2023-04-29T05:02:09.442Z
1374, 2023-04-29T05:02:24.622Z
1374, 2023-04-29T05:02:39.802Z
1375, 2023-04-29T05:02:54.985Z
1377, 2023-04-29T05:03:10.164Z
1380, 2023-04-29T05:03:25.340Z
1381, 2023-04-29T05:03:40.523Z
1381, 2023-04-29T05:03:55.698Z
1382, 2023-04-29T05:04:10.907Z
1383, 2023-04-29T05:04:26.057Z
